"fixed acidity","volatile acidity","citric acid","residual sugar","chlorides","free sulfur dioxide","total sulfur dioxide","density","pH","sulphates","alcohol","quality"
7.2,0.63,0,1.9,0.097,14,38,0.99675,3.37,0.58,9,6
7.2,0.63,0,1.9,0.097,14,38,0.99675,3.37,0.58,9,6
7.2,0.645,0,1.9,0.097,15,39,0.99675,3.37,0.58,9.2,6
7.2,0.63,0,1.9,0.097,14,38,0.99675,3.37,0.58,9,6
8.2,1,0.09,2.3,0.065,7,37,0.99685,3.32,0.55,9,6
8.9,0.635,0.37,1.7,0.263,5,62,0.9971,3,1.09,9.3,5
12,0.38,0.56,2.1,0.093,6,24,0.99925,3.14,0.71,10.9,6
7.7,0.58,0.1,1.8,0.102,28,109,0.99565,3.08,0.49,9.8,6
15,0.21,0.44,2.2,0.075,10,24,1.00005,3.07,0.84,9.2,7